{
  "collapse-filter": false,
  "search": "",
  "showTags": false,
  "showAttachments": false,
  "hideUnresolved": true,
  "showOrphans": true,
  "collapse-color-groups": false,
  "colorGroups": [
    {
      "query": "path:\"004 meta\" ",
      "color": {
        "a": 1,
        "rgb": 4672860
      }
    },
    {
      "query": "tag:#daily_note  ",
      "color": {
        "a": 1,
        "rgb": 14701138
      }
    },
    {
      "query": "tag:#project  ",
      "color": {
        "a": 1,
        "rgb": 14622854
      }
    },
    {
      "query": "tag:#people  ",
      "color": {
        "a": 1,
        "rgb": 1881454
      }
    },
    {
      "query": "path:\"020 areas\"  ",
      "color": {
        "a": 1,
        "rgb": 14457097
      }
    },
    {
      "query": "path:\"030 resources\"  ",
      "color": {
        "a": 1,
        "rgb": 9227758
      }
    },
    {
      "query": "path:\"040 archives\"  ",
      "color": {
        "a": 1,
        "rgb": 4672860
      }
    }
  ],
  "collapse-display": true,
  "showArrow": true,
  "textFadeMultiplier": 0,
  "nodeSizeMultiplier": 1.14777699364855,
  "lineSizeMultiplier": 0.268577981651376,
  "collapse-forces": true,
  "centerStrength": 0.507190384202619,
  "repelStrength": 12.4833655290835,
  "linkStrength": 0.633397724833655,
  "linkDistance": 268,
  "scale": 0.09676273564192252,
  "close": true
}