{
  "obsidian-emoji-toolbar:emoji-picker:open-picker": [
    {
      "modifiers": [
        "Mod",
        "Shift"
      ],
      "key": ";"
    }
  ],
  "daily-notes": [
    {
      "modifiers": [
        "Mod"
      ],
      "key": "H"
    }
  ],
  "editor:toggle-checklist-status": [],
  "templater-obsidian:create-new-note-from-template": [],
  "app:toggle-right-sidebar": [
    {
      "modifiers": [
        "Alt",
        "Ctrl"
      ],
      "key": "ArrowRight"
    }
  ],
  "app:toggle-left-sidebar": [
    {
      "modifiers": [
        "Alt",
        "Ctrl"
      ],
      "key": "ArrowLeft"
    }
  ],
  "app:go-back": [
    {
      "modifiers": [
        "Ctrl"
      ],
      "key": "["
    }
  ],
  "app:go-forward": [
    {
      "modifiers": [
        "Ctrl"
      ],
      "key": "]"
    }
  ],
  "file-explorer:reveal-active-file": [
    {
      "modifiers": [
        "Ctrl"
      ],
      "key": "B"
    }
  ],
  "graph:open-local": [
    {
      "modifiers": [
        "Mod",
        "Shift"
      ],
      "key": "G"
    }
  ],
  "file-explorer:new-file": [],
  "file-explorer:new-file-in-current-tab": [
    {
      "modifiers": [
        "Mod"
      ],
      "key": "N"
    }
  ],
  "file-explorer:new-file-in-new-pane": [],
  "obsidian-link-converter:convert-wikis-to-md-in-active-file": [
    {
      "modifiers": [
        "Ctrl",
        "Shift"
      ],
      "key": "M"
    }
  ],
  "quickadd:runQuickAdd": [
    {
      "modifiers": [
        "Mod",
        "Shift"
      ],
      "key": "N"
    }
  ],
  "copy-as-html:copy-as-html-command": [
    {
      "modifiers": [
        "Mod",
        "Shift"
      ],
      "key": "C"
    }
  ],
  "editor:delete-paragraph": [],
  "obsidian-hover-editor:dock-active-popover-to-workspace": [
    {
      "modifiers": [
        "Mod"
      ],
      "key": "D"
    }
  ],
  "omnisearch:show-modal-infile": [
    {
      "modifiers": [
        "Ctrl"
      ],
      "key": "S"
    }
  ],
  "global-search:open": [],
  "omnisearch:show-modal": [
    {
      "modifiers": [
        "Mod",
        "Shift"
      ],
      "key": "F"
    }
  ],
  "templater-obsidian:insert-004 meta/templates/meeting_template.md": [
    {
      "modifiers": [
        "Mod"
      ],
      "key": "M"
    }
  ],
  "switcher:open": [
    {
      "modifiers": [
        "Mod"
      ],
      "key": "T"
    }
  ],
  "workspace:new-tab": []
}